Titre,Année,Synopsis,Critiques
La La Land,2016,"Cette comédie musicale raconte l'histoire d'une actrice en herbe et d'un pianiste de jazz qui tombent amoureux à Los Angeles. Le film a été salué pour sa musique envoûtante, ses scènes de danse éblouissantes et ses performances exceptionnelles.","""La La Land est un film absolument magnifique avec des chansons qui restent dans la tête pendant des jours. Les acteurs sont incroyables et leur alchimie est palpable. Les scènes de danse sont absolument éblouissantes et l'histoire est touchante et authentique."""
Intouchables,2011,"Ce film raconte l'histoire de l'amitié improbable entre un homme tétraplégique et son aide à domicile, un jeune homme issu de la banlieue. Le film a été salué pour son humour intelligent, ses performances émouvantes et son message universel d'amitié et de compréhension.","""Intouchables est un film incroyablement touchant avec des acteurs incroyables et une histoire inspirante. Les blagues sont intelligentes et jamais offensantes, et l'émotion est parfaitement dosée. C'est un film qui vous fera rire et pleurer, et qui vous rappellera l'importance de l'amitié et de la compassion."""
Amélie,2001,"Cette comédie romantique raconte l'histoire d'Amélie, une jeune femme timide et rêveuse qui décide de changer la vie des gens autour d'elle. Le film a été salué pour son esthétique colorée et imaginative, sa bande originale enchanteresse et la performance charismatique d'Audrey Tautou.","""Amélie est un film absolument charmant qui vous fera sourire du début à la fin. L'esthétique du film est magnifique et imaginative, et la musique est enchanteresse. Audrey Tautou est incroyablement charismatique dans le rôle-titre, et l'histoire est pleine de moments touchants et de personnages inoubliables."""
Les Choristes,2004,"Ce film raconte l'histoire d'un professeur de musique qui tente de changer la vie des élèves difficiles d'un internat pour enfants en difficulté. Le film a été salué pour sa musique émouvante, ses performances éblouissantes et sa capacité à toucher le cœur du public.","""Les Choristes est un film magnifique qui vous fera rire et pleurer. La musique est absolument émouvante et les performances sont incroyables, en particulier celle des jeunes acteurs. L'histoire est touchante et universelle, et elle montre l'importance de l'art et de l'éducation pour transformer des vies."""
Le Fabuleux Destin d'Amélie Poulain,2001,"Cette comédie romantique raconte l'histoire d'Amélie, une jeune femme timide qui décide de changer la vie des gens autour d'elle. Le film a été salué pour son esthétique colorée et imaginative, sa bande originale enchanteresse et la performance charismatique d'Audrey Tautou.","""Le Fabuleux Destin d'Amélie Poulain est un film absolument charmant qui vous fera sourire du début à la fin. L'esthétique du film est magnifique et imaginative, et la musique est enchanteresse. Audrey Tautou est incroyablement charismatique dans le rôle-titre, et l'histoire est pleine de moments touchants et de personnages inoubliables."""
Le Dîner de Cons,1998,"Le film suit l'histoire d'un groupe d'amis riches qui organisent un dîner hebdomadaire où chacun doit amener un ""idiot"" pour se moquer de lui. Lorsque l'un des invités rencontre un invité qui pourrait être le plus grand ""idiot"" de tous, les choses ne se passent pas comme prévu.","""Je n'ai pas aimé ce film du tout. Le concept de rire des gens qui sont considérés comme des idiots est offensant et le film n'a pas réussi à me faire rire. Les personnages sont tous désagréables et l'histoire est ennuyeuse."""
La Tour Montparnasse Infernale,2001,"Deux employés de bureau incompétents se retrouvent coincés dans l'ascenseur de la tour Montparnasse, qui est en train d'être sabotée. Ils doivent alors sauver le bâtiment et ses occupants avant qu'il ne soit trop tard.","""Je ne peux pas croire que j'ai perdu du temps à regarder cette absurdité. Le film est plein de blagues stupides et de scènes qui sont tout simplement inutiles. Les personnages sont irritants et l'histoire est ridicule. Évitez ce film à tout prix."""
Astérix aux Jeux Olympiques,2008,"Dans cette adaptation cinématographique de la bande dessinée populaire, Astérix et Obélix participent aux Jeux olympiques pour aider leur ami amoureux à remporter la victoire.","""Ce film est une déception totale. Les blagues sont sans intérêt et les acteurs semblent ne pas savoir quoi faire avec leurs personnages. Les effets spéciaux sont mauvais et l'histoire est plate et prévisible. Je recommande de ne pas gaspiller votre temps à regarder ce film."""
Les Visiteurs en Amérique,2000,"Dans cette suite de la comédie française Les Visiteurs, les personnages voyagent dans le temps jusqu'à l'Amérique moderne.","""Le film est une perte de temps totale. Les blagues sont répétitives et ennuyeuses, les personnages sont caricaturaux et irritants, et l'histoire est stupide et incohérente. Je ne recommande pas ce film à qui que ce soit."""
Babylon A.D.,2008,"Dans un futur lointain, un mercenaire doit escorter une femme de Russie à New York. Mais lorsqu'il découvre que la femme est enceinte d'un enfant très spécial, il se retrouve entraîné dans une conspiration mortelle.","""Ce film est un gâchis complet. Les personnages sont sans intérêt, l'intrigue est confuse et les effets spéciaux sont mauvais. Le film essaie d'être intelligent et cool, mais échoue lamentablement. Évitez ce film à tout prix."""